date,expiry,hours_left,type,strike,bid,ask,mid,iv,delta,gamma,theta,vega,prob_itm,open_interest,volume
2026-09-28,2026-09-29,29.0,C,280.0,1.13,1.14,1.135,0.2282,0.4255,0.10695,-0.6077,0.063,0.4204,522,1894
2026-09-28,2026-09-29,29.0,C,281.0,0.74,0.75,0.745,0.2244,0.3202,0.09922,-0.5436,0.0575,0.3156,760,1489
2026-09-28,2026-09-29,29.0,C,282.0,0.41,0.42,0.415,0.2117,0.2154,0.08603,-0.4183,0.047,0.2118,685,1435
2026-09-28,2026-09-29,29.0,C,283.0,0.23,0.24,0.235,0.2097,0.1381,0.06547,-0.3117,0.0354,0.1355,761,763
2026-09-28,2026-09-29,29.0,C,284.0,0.13,0.14,0.135,0.2125,0.0864,0.04616,-0.2253,0.0253,0.0845,1005,568
2026-09-28,2026-09-29,29.0,C,285.0,0.07,0.08,0.075,0.2155,0.0518,0.03065,-0.1536,0.017,0.0505,866,390
2026-09-28,2026-09-29,29.0,P,274.0,0.1,0.11,0.105,0.2223,-0.0667,0.03622,-0.1892,0.0208,0.0684,579,269
2026-09-28,2026-09-29,29.0,P,275.0,0.17,0.18,0.175,0.2157,-0.1051,0.05252,-0.2577,0.0292,0.1073,423,757
2026-09-28,2026-09-29,29.0,P,276.0,0.28,0.29,0.285,0.2087,-0.1605,0.07274,-0.3335,0.0392,0.1635,380,552
2026-09-28,2026-09-29,29.0,P,277.0,0.44,0.45,0.445,0.1998,-0.2354,0.09583,-0.4016,0.0494,0.239,485,727
2026-09-28,2026-09-29,29.0,P,278.0,0.68,0.69,0.685,0.1912,-0.3352,0.11868,-0.4529,0.0585,0.3392,752,1025
2026-09-28,2026-09-29,29.0,P,279.0,1.01,1.02,1.015,0.18,-0.4584,0.13724,-0.4608,0.0637,0.4625,1002,1881
2026-09-28,2026-09-30,53.0,C,280.0,1.6,1.62,1.61,0.2227,0.4474,0.08176,-0.4468,0.0859,0.4406,2036,843
2026-09-28,2026-09-30,53.0,C,281.0,1.16,1.17,1.165,0.2173,0.3643,0.07961,-0.4124,0.0816,0.358,1091,7603
2026-09-28,2026-09-30,53.0,C,282.0,0.81,0.83,0.82,0.2138,0.2856,0.07317,-0.3661,0.0738,0.2799,2602,522
2026-09-28,2026-09-30,53.0,C,283.0,0.54,0.55,0.545,0.2092,0.2128,0.06392,-0.3053,0.0631,0.2081,1374,1240
2026-09-28,2026-09-30,53.0,C,284.0,0.35,0.36,0.355,0.2071,0.1528,0.0525,-0.2451,0.0513,0.1491,1268,599
2026-09-28,2026-09-30,53.0,C,285.0,0.21,0.22,0.215,0.2034,0.1029,0.04056,-0.1824,0.0389,0.1001,49458,6190
2026-09-28,2026-09-30,53.0,C,286.0,0.13,0.14,0.135,0.2042,0.0694,0.03006,-0.136,0.029,0.0673,5818,613
2026-09-28,2026-09-30,53.0,P,271.0,0.12,0.13,0.125,0.2447,-0.055,0.02094,-0.1322,0.0242,0.0572,867,219
2026-09-28,2026-09-30,53.0,P,272.0,0.16,0.17,0.165,0.2352,-0.0721,0.02689,-0.1567,0.0298,0.0747,1988,22
2026-09-28,2026-09-30,53.0,P,273.0,0.22,0.23,0.225,0.2273,-0.0963,0.03458,-0.1879,0.0371,0.0994,1347,102
2026-09-28,2026-09-30,53.0,P,274.0,0.31,0.32,0.315,0.2211,-0.13,0.04405,-0.226,0.0459,0.1337,812,350
2026-09-28,2026-09-30,53.0,P,275.0,0.41,0.42,0.415,0.2107,-0.1688,0.05505,-0.2558,0.0547,0.1729,57465,8779
2026-09-28,2026-09-30,53.0,P,276.0,0.56,0.57,0.565,0.2025,-0.2217,0.06762,-0.2894,0.0646,0.2264,1033,559
2026-09-28,2026-09-30,53.0,P,277.0,0.75,0.77,0.76,0.1934,-0.2873,0.08112,-0.3153,0.074,0.2924,9186,1030
2026-09-28,2026-09-30,53.0,P,278.0,1.06,1.07,1.065,0.1898,-0.3715,0.09174,-0.3414,0.0821,0.3771,2603,910
2026-09-28,2026-09-30,53.0,P,279.0,1.41,1.42,1.415,0.1812,-0.465,0.10101,-0.3397,0.0863,0.4706,1793,596
2026-09-28,2026-10-01,77.0,C,280.0,1.94,1.96,1.95,0.2162,0.4583,0.07009,-0.3639,0.1039,0.4502,240,246
2026-09-28,2026-10-01,77.0,C,281.0,1.49,1.51,1.5,0.2128,0.3876,0.06875,-0.3443,0.1003,0.38,224,364
2026-09-28,2026-10-01,77.0,C,282.0,1.11,1.14,1.125,0.2098,0.319,0.06503,-0.3153,0.0935,0.312,730,111
2026-09-28,2026-10-01,77.0,C,283.0,0.81,0.84,0.825,0.2075,0.2553,0.05914,-0.2798,0.0841,0.2491,591,28
2026-09-28,2026-10-01,77.0,C,284.0,0.54,0.58,0.56,0.2015,0.1936,0.05203,-0.2316,0.0719,0.1885,753,84
2026-09-28,2026-10-01,77.0,C,285.0,0.38,0.41,0.395,0.2015,0.1466,0.04354,-0.1932,0.0601,0.1423,1122,90
2026-09-28,2026-10-01,77.0,C,286.0,0.25,0.26,0.255,0.1979,0.104,0.03485,-0.1489,0.0473,0.1006,513,44
2026-09-28,2026-10-01,77.0,C,287.0,0.17,0.18,0.175,0.1993,0.0754,0.02723,-0.1179,0.0372,0.0728,395,51
2026-09-28,2026-10-01,77.0,C,288.0,0.13,0.14,0.135,0.2065,0.0587,0.02165,-0.1004,0.0306,0.0564,524,25
2026-09-28,2026-10-01,77.0,P,269.0,0.13,0.15,0.14,0.248,-0.051,0.01614,-0.1044,0.0274,0.0535,802,27
2026-09-28,2026-10-01,77.0,P,270.0,0.17,0.18,0.175,0.2398,-0.0636,0.01985,-0.1199,0.0326,0.0664,1342,73
2026-09-28,2026-10-01,77.0,P,271.0,0.22,0.23,0.225,0.2328,-0.0806,0.02453,-0.1396,0.0391,0.0839,1520,73
2026-09-28,2026-10-01,77.0,P,272.0,0.28,0.29,0.285,0.2249,-0.1011,0.03006,-0.1592,0.0463,0.1049,669,40
2026-09-28,2026-10-01,77.0,P,273.0,0.36,0.37,0.365,0.2174,-0.1275,0.03668,-0.1812,0.0546,0.1318,149,39
2026-09-28,2026-10-01,77.0,P,274.0,0.47,0.49,0.48,0.2117,-0.1625,0.04436,-0.2073,0.0643,0.1674,399,103
2026-09-28,2026-10-01,77.0,P,275.0,0.64,0.66,0.65,0.2088,-0.2086,0.05252,-0.2381,0.0751,0.2142,213,82
2026-09-28,2026-10-01,77.0,P,276.0,0.83,0.86,0.845,0.2032,-0.2603,0.06101,-0.2611,0.085,0.2665,591,70
2026-09-28,2026-10-01,77.0,P,277.0,1.08,1.11,1.095,0.198,-0.3213,0.0691,-0.2795,0.0938,0.328,518,43
2026-09-28,2026-10-01,77.0,P,278.0,1.33,1.37,1.35,0.1872,-0.388,0.07818,-0.2806,0.1003,0.3948,1633,201
2026-09-28,2026-10-01,77.0,P,279.0,1.74,1.78,1.76,0.1848,-0.4679,0.08218,-0.2854,0.1041,0.4748,950,68
2026-09-28,2026-10-02,101.0,C,280.0,2.46,2.5,2.48,0.2321,0.4694,0.05716,-0.3431,0.1193,0.4595,807,669
2026-09-28,2026-10-02,101.0,C,281.0,1.98,2.01,1.995,0.2275,0.4111,0.05703,-0.3277,0.1166,0.4016,2085,1174
2026-09-28,2026-10-02,101.0,C,282.0,1.58,1.61,1.595,0.2251,0.3541,0.0551,-0.309,0.1115,0.3452,4269,244
2026-09-28,2026-10-02,101.0,C,283.0,1.23,1.25,1.24,0.2217,0.2983,0.05219,-0.2829,0.104,0.2901,1368,329
2026-09-28,2026-10-02,101.0,C,284.0,0.93,0.95,0.94,0.218,0.2453,0.04813,-0.2517,0.0943,0.238,8121,238
2026-09-28,2026-10-02,101.0,C,285.0,0.7,0.73,0.715,0.2169,0.1994,0.04297,-0.2219,0.0838,0.1929,5274,2299
2026-09-28,2026-10-02,101.0,C,286.0,0.52,0.54,0.53,0.2152,0.1582,0.03742,-0.19,0.0724,0.1526,2285,1196
2026-09-28,2026-10-02,101.0,C,287.0,0.37,0.39,0.38,0.2129,0.1218,0.03167,-0.157,0.0606,0.1172,2169,769
2026-09-28,2026-10-02,101.0,C,288.0,0.27,0.28,0.275,0.2125,0.0933,0.02618,-0.1291,0.05,0.0896,4142,608
2026-09-28,2026-10-02,101.0,C,289.0,0.19,0.2,0.195,0.212,0.07,0.02112,-0.1035,0.0402,0.067,6972,5691
2026-09-28,2026-10-02,101.0,C,290.0,0.14,0.15,0.145,0.2144,0.0538,0.017,-0.0852,0.0328,0.0513,14485,600
2026-09-28,2026-10-02,101.0,P,267.0,0.16,0.18,0.17,0.2608,-0.0513,0.01346,-0.0962,0.0316,0.0543,3250,113
2026-09-28,2026-10-02,101.0,P,268.0,0.21,0.23,0.22,0.2576,-0.0646,0.01634,-0.1138,0.0378,0.0682,10628,86
2026-09-28,2026-10-02,101.0,P,269.0,0.28,0.29,0.285,0.2548,-0.0812,0.01967,-0.134,0.0451,0.0854,5435,75
2026-09-28,2026-10-02,101.0,P,270.0,0.32,0.33,0.325,0.244,-0.094,0.02292,-0.1429,0.0503,0.0985,9621,60
2026-09-28,2026-10-02,101.0,P,271.0,0.39,0.41,0.4,0.2378,-0.114,0.02706,-0.1599,0.0578,0.119,1348,59
2026-09-28,2026-10-02,101.0,P,272.0,0.49,0.5,0.495,0.232,-0.1385,0.03177,-0.1783,0.0662,0.1441,8393,264
2026-09-28,2026-10-02,101.0,P,273.0,0.62,0.64,0.63,0.2285,-0.1701,0.03695,-0.2008,0.0759,0.1764,4866,138
2026-09-28,2026-10-02,101.0,P,274.0,0.77,0.79,0.78,0.2231,-0.2051,0.04249,-0.2195,0.0852,0.212,1312,89
2026-09-28,2026-10-02,101.0,P,275.0,0.94,0.97,0.955,0.2168,-0.245,0.04836,-0.2352,0.0943,0.2524,13240,351
2026-09-28,2026-10-02,101.0,P,276.0,1.21,1.24,1.225,0.216,-0.2959,0.05335,-0.2567,0.1036,0.304,5833,1175
2026-09-28,2026-10-02,101.0,P,277.0,1.48,1.52,1.5,0.2109,-0.3487,0.05849,-0.2671,0.1109,0.3571,5017,215
2026-09-28,2026-10-02,101.0,P,278.0,1.78,1.81,1.795,0.203,-0.406,0.06372,-0.2679,0.1163,0.4145,8730,302
2026-09-28,2026-10-02,101.0,P,279.0,2.14,2.18,2.16,0.1961,-0.4701,0.06765,-0.2634,0.1193,0.4785,6303,604
