date,time_et,ticker,spot,prev_close,hv20,atm_iv,iv_hv,skew_25d,rsi14,pct_ma20,put_call_oi,contracts
2026-09-28,11:00,DIS,105.5,106.15,0.2178,0.3092,1.42,-0.0288,50.9,-0.22,0.93,16
2026-09-29,15:26,DIS,105.22,105.59,0.2172,0.2923,1.346,0.0186,50.0,-0.37,1.01,11
2026-09-30,15:19,DIS,105.29,105.41,0.2128,0.3223,1.515,-0.0266,50.2,-0.27,0.95,29
2026-10-01,15:19,DIS,101.7,104.9,0.229,0.2826,1.234,0.011,40.3,-3.37,0.92,29
2026-10-02,14:23,DIS,102.14,101.33,0.2377,0.2429,1.022,-0.0054,42.2,-2.71,0.89,16
2026-10-06,14:55,DIS,104.01,103.61,0.2381,0.2388,1.003,0.0363,48.1,-0.79,0.87,13
2026-10-07,15:20,DIS,104.72,104.03,0.2375,0.3073,1.294,-0.0392,50.3,-0.14,0.84,26
2026-10-08,15:17,DIS,107.05,104.75,0.2437,0.2065,0.847,0.1222,56.8,2.02,0.83,23
2026-10-09,14:49,DIS,107.84,107.02,0.2437,0.2204,0.904,0.0068,58.8,2.71,0.77,11
