id,published_utc,provider,title,score
26496803-e5f5-31ef-9bc7-560097d667b7,2026-09-18T20:50+00:00,Motley Fool,2 High-Yield Dividend Stocks to Buy and 1 to Avoid,-0.3182
39b59667-4307-3708-a4e3-73248d80946a,2026-09-18T21:23+00:00,Trefis,What Would It Take For Eli Lilly Stock To Keep Climbing?,0.8708
e1473026-438d-3979-a223-cfb1f1d021f0,2026-09-18T21:31+00:00,Barrons.com,"All 50 States Joining Medicaid Drug Pricing Model After Pharma Deals, Trump Says",-0.2732
d27e383a-871f-3e16-a9c9-842d46c04c12,2026-09-18T22:33+00:00,Motley Fool,3 Dividend Stocks to Buy and Hold for 10 Years,0.0772
88760dfa-2007-3832-85b3-3658b361f60e,2026-09-19T21:12+00:00,Bloomberg,Pfizer to Share Revenue With HHS in Deal on Overseas Drug Prices,0.5106
b6ef30bf-0c90-3e73-a169-fa80b2747b2b,2026-09-20T21:20+00:00,Motley Fool,Pfizer Says Its Biggest Headwinds Are Finally Easing. Does That Change the Story for This Ultra-High-Yield Dividend Stock?,0.4767
0b32ab39-bb3c-3380-95a5-1205c731df64,2026-09-21T14:17+00:00,Trefis,What Would It Take For Pfizer To Cut Its Dividend?,-0.6868
10f431e6-1269-3a65-96f8-e0d87f26b693,2026-09-21T14:40+00:00,GuruFocus.com,Huge News For Pfizer Stock Fans,0.5267
ccfb7cdb-7950-35d4-ab6e-cbfe77656b1d,2026-09-21T15:27+00:00,Zacks,Merck Gets CHMP Backing for Keytruda-Padcev Combo in Bladder Cancer,-0.8625
964904d3-3a9a-32be-a142-f8087f3f139e,2026-09-21T15:45+00:00,MT Newswires,Novo Sets Long-Term Targets Ahead of Semaglutide Patent Expirations,0.5859
887562b3-edd5-32f9-98d9-2124f5fdd3a5,2026-09-21T16:14+00:00,Simply Wall St.,How Investors Are Reacting To Pfizer (PFE) Easing Policy Pressures And New HHS Revenue-Sharing Deal,0.8074
34f42289-9f1c-3464-a788-9f132bbaaced,2026-09-21T16:43+00:00,CRE Daily,NYC Office-to-Residential Conversions Keep Gaining Steam,0.4215
c94c7af9-acd4-3def-8d1f-cf8a29178336,2026-09-22T07:49+00:00,StockStory,2 Large-Cap Stocks to Keep an Eye On and 1 Facing Headwinds,0.6705
9ab067cf-5b1d-3ce0-a48b-f9318265600f,2026-09-22T10:25+00:00,Motley Fool,AbbVie vs. Pfizer: Which Dividend Stock Is the Better Buy in September?,0.8126
8d00fa6d-af38-3c32-b41f-fa4bcfe9ea77,2026-09-22T11:34+00:00,24/7 Wall St.,Eli Lilly’s Tough Month: One of The Biggest Global Banks Says 37% Gains Begin Soon,-0.1796
9e9e52a2-87c9-34e8-9054-7b848b09207a,2026-09-22T12:02+00:00,MarketBeat,Pfizer Refocuses Growth Strategy as New Products Offset COVID Decline,0.3818
03c67bd2-5d0f-379b-aa62-9ff86615877a,2026-09-22T12:57+00:00,Zacks,MRNA Hits 52-Week High: How Melanoma Study Results Keep Rally Going,0.5574
3b3d7c60-8cbb-3b58-a0e1-364226978cd4,2026-09-22T13:40+00:00,Trefis,Why Is JNJ Stock Beating Rivals That Grow Faster?,0.7579
c8ce411b-4a6c-39c4-bc7e-1c9da9ac76e9,2026-09-22T13:50+00:00,Trefis,Could You Have Seen Merck Stock's Pipeline Run Coming?,0.7184
d7770e9d-b49c-3b41-b50a-65780808ddb9,2026-09-22T16:22+00:00,Motley Fool,Should Dividend Investors Buy Pfizer Stock for Its High Yield or Invest in Eli Lilly for Its Dividend Growth?,0.4497
2d80bb87-ad48-3bac-9503-508921691dce,2026-09-22T17:39+00:00,Trefis,Was Moderna Stock's Cancer Vaccine Run Visible In Advance?,-0.5574
e210103e-d06a-3ce2-b994-4ee37241dce3,2026-09-23T09:14+00:00,Simply Wall St.,Pfizer (PFE) Stock May Be Overvalued After Overseas Pricing Deal,0.8625
ff1c7e7c-9e96-3e3a-9d0f-1aef590e842d,2026-09-23T09:20+00:00,Motley Fool,"Pfizer, Kraft, and UPS All Yield More Than 6%. Which of These Dividend Stocks Is the Safest Option Today?",0.4019
74ae44a9-548a-3165-9a43-15339f2d967a,2026-09-23T11:14+00:00,Simply Wall St.,Top 3 AI Healthcare Stocks With Revenue Growth Up To 24%,0.8748
1b58a0a3-85bd-3a30-819d-ed336ba4939c,2026-09-23T12:00+00:00,24/7 Wall St.,"3 Dividend Stocks Trading Cheap Enough to Buy Meaningful Stakes for Under $1,000",0.0129
a1bc5f47-b53c-3e62-81bc-dfcb4d1221de,2026-09-23T13:01+00:00,24/7 Wall St.,4 Elite Dividend Stocks Yielding Up to 6.14% With Diversified Pipelines That Protect Your Payout,0.6044
667ccd06-7488-331e-82c1-d19129cb7938,2026-09-23T14:39+00:00,TIKR,Pfizer’s International Chief Just Explained How the Turnaround Actually Works. Here’s Where the Stock Could Go,0.0
4bb0f50c-f912-3e1f-a689-4f02b47b3c0e,2026-09-23T15:32+00:00,24/7 Wall St.,Eli Lilly Vs. Pfizer in 2027: One Is a Much Better Place to Park Your Pharmaceutical Capital Next Year,-0.1189
bedf50d6-7da2-3457-8304-ef75dc904405,2026-09-23T16:37+00:00,Trefis,What Is The Best Case For Pfizer Stock?,0.9022
4b846378-9249-3e0e-a277-9a9314aa0c88,2026-09-23T17:18+00:00,Trefis,What Is AbbVie No Longer Telling You?,-0.1779
ade67b0d-765f-3535-bf57-3fae8125f5f4,2026-09-23T17:20+00:00,MarketBeat,"Viking's Obesity Edge May Be Staying Power, Not Weight Loss",0.149
0ad31157-6ca7-3a44-8714-dfc6d70c230d,2026-09-23T17:25+00:00,24/7 Wall St.,These 6 High-Yield Dividends May Be Too Good to Be True,-0.7351
92996868-cb3a-3dc3-95be-3a964c6a4011,2026-09-23T21:30+00:00,Barrons.com,Moderna Stock Hits a New High as CEO Says It’s More Than Covid Vaccines,0.0
917b8ddc-0185-3049-be52-a023424e20db,2026-09-24T12:16+00:00,Motley Fool,Bristol Myers Squibb vs. Pfizer: Which Healthcare Stock Is a Better Buy in 2026?,0.743
e37131f8-4fdf-383a-8524-5856bf7094eb,2026-09-24T13:45+00:00,MarketBeat,Treasury Yields Hit a 19-Year High—These 2 Bond ETFs Offer Monthly Income,0.1779
16be0d44-1ff7-3b7c-9ad5-455f4a1c2cc4,2026-09-24T14:03+00:00,Zacks,Beyond Imbruvica: Can AbbVie Rebuild Its Oncology Portfolio?,0.0
e9f705e0-8023-3e12-948b-75db5188faac,2026-09-24T14:45+00:00,Zacks,Pfizer or AbbVie: Which Big Pharma Stock Is the Better Pick?,0.7003
ccb2738b-750a-32ee-acc8-49050308ec42,2026-09-24T16:08+00:00,Zacks,Can Recent Traction With Key Drugs and Pipeline Progress Boost BMY?,0.872
0da7585f-c445-3e14-b422-65fe391c7e93,2026-09-24T19:03+00:00,Trefis,Can Eli Lilly Stock Catch Up To Rivals It Outgrows?,0.0
0ef4b4c4-5035-32d5-9519-c7b16a152d54,2026-09-24T20:27+00:00,Insider Monkey,Could a New Vaccine Formula XFG Give Pfizer (PFE) and BioNTech (BNTX) a Post-Pandemic Revenue Boost?,0.765
18a66ecc-b4ac-3d68-ba5c-51a898052156,2026-09-25T04:25+00:00,Simply Wall St.,What Could Pfizer (PFE) Unlock From Faster FDA Reviews And Orphan Drug Growth?,0.9153
9859ec12-094e-373c-a566-dcccf4d36cb2,2026-09-25T14:19+00:00,24/7 Wall St.,Own This Cigarette Stock Or Treasuries?,-0.0516
c8a8b29f-d7b2-4377-a17b-8d465754485e,2026-09-25T15:04+00:00,Yahoo Finance Video,"The 8:30: Trump-Xi summit takeaways, an interview with Microsoft CEO Satya Nadella",0.0
5cecdaba-f657-3274-928f-2572e98fa57a,2026-09-25T17:03+00:00,Trefis,Pfizer Stock Paid Out $49B: So Why Did Investors Lose Money?,-0.4019
14b2322c-80ed-39f8-8f19-b448bff1db55,2026-09-25T17:13+00:00,Trefis,Is LLY Stock Cheaper Than It Looks?,0.296
4facebbd-52e1-3839-9673-a0f5ef44266d,2026-09-25T21:22+00:00,Motley Fool,AbbVie vs. Pfizer: Which Healthcare Stock Makes Your Portfolio Healthier in 2026?,0.0
427dd27f-9542-3c27-9fa9-32fb9f898a9a,2026-09-26T03:06+00:00,Insider Monkey,Pfizer (PFE) Targets Air Traffic Fees Over Unpaid Vaccines. Can it Turn a Court Win Into Cash?,0.5859
98c5355e-6c86-3bc2-ab85-e1c5bcd64c86,2026-09-26T14:29+00:00,Motley Fool,D-Wave Quantum vs. QuantumScape: Which Moonshot Tech Stock Is a Better Buy in 2026?,0.4404
0fef40ea-7018-3493-9ca5-e5a385bf2170,2026-09-27T09:50+00:00,Motley Fool,Kevin Warsh Just Signaled Higher-for-Longer Rates. Here's What That Means for Big Pharma Dividend Stocks.,-0.714
45dfb62b-5646-3065-96ce-d58914ca0354,2026-09-27T12:46+00:00,Barrons.com,"Innovation Is Driving a New Bull Market in Biotech. 16 Ways to Play It, From Our Roundtable Experts.",0.8655
6ff43c41-21a6-3be8-952b-91d02a869334,2026-09-27T20:27+00:00,Insider Monkey,Pfizer (PFE) Balances Global Pricing Opportunity with New Revenue Sharing,0.9348
44641842-d3fb-3151-856e-3dddcf8caed3,2026-09-27T22:51+00:00,Insider Monkey,Pfizer vs. Thermo Fisher: Which Healthcare Turnaround has More Upside?,0.7469
f79f8d2d-9f48-3edf-9861-7b359c3bea58,2026-09-27T22:57+00:00,Insider Monkey,Pfizer vs. Medtronic: Which Healthcare Turnaround is More Convincing?,0.4471
9cce2763-cdb8-33cf-bac7-38b28756066f,2026-09-27T23:09+00:00,Insider Monkey,Gilead’s HIV Concentration or Pfizer’s Patent Cliff: Which Risk is Easier to Own?,-0.0909
3cc5e5c6-67c7-3364-bcd9-849c1713ea2e,2026-09-28T12:00+00:00,Zacks,Here is What to Know Beyond Why Pfizer Inc. (PFE) is a Trending Stock,0.4767
6192c283-8096-34b0-bcd2-90226a86029a,2026-09-28T12:50+00:00,Pharma Voice,What Bavarian Nordic’s next CEO is up against,0.0
5bddf1d9-d3b6-3c79-af05-1f824790db9c,2026-09-28T13:02+00:00,Zacks,Is AstraZeneca's Oncology Portfolio Positioned for Continued Growth?,0.7845
4afaeff7-cae3-37a5-93a0-e7dba31e017c,2026-09-28T14:06+00:00,InvestorsHub,BioNTech to Close Manufacturing Sites in Germany and Singapore After Sale Process Ends,0.2732
16d8b7f5-af6c-3869-ab18-cdfe7c6eceb0,2026-09-28T14:09+00:00,Simply Wall St.,Pfizer (PFE) Heads To ESMO With 45 Oncology Abstracts And Fresh Cancer Data,-0.936
5f839f2b-62d4-3603-8446-16586ad6005f,2026-09-28T18:08+00:00,Trefis,What Are Merck Stock Investors Overlooking?,-0.3612
db9ef6e0-9c11-321e-a5dd-e0581064d119,2026-09-28T20:33+00:00,Trefis,$85 Billion And Counting: JNJ Stock's Steady Cash-Return Habit,0.0
98a45ad6-19ad-3798-ac6f-061b078c3767,2026-09-29T11:06+00:00,MT Newswires,"Summit Secures $2 Billion AstraZeneca Investment, Cancer Drug Trial Collaboration",0.1531
0981389b-129f-338e-a080-bb0458efed76,2026-09-29T13:03+00:00,24/7 Wall St.,Why Amgen’s 6% Dividend Raise Masks a Tougher Road Ahead,-0.4404
4c97742d-1e08-3a0f-9b67-e5334cf9375c,2026-09-29T13:14+00:00,Zacks,Novo vs. Pfizer: Which Large Drugmaker Offers Better Growth Prospects?,0.8625
ab3e1c71-f4f0-3493-935c-f2e0af7be3b4,2026-09-29T15:39+00:00,Zacks,Summit Shares Jump on $2B Strategic Investment From AstraZeneca,0.7003
db01dadd-47e4-3f68-929a-6a33199da087,2026-09-29T16:23+00:00,Trefis,Management Raised the Bar For Eli Lilly Stock; Does The Chart Agree?,0.743
c72f0e5f-41a4-3f1d-8a7c-0710fbe14605,2026-09-29T17:20+00:00,Motley Fool,Here Are My Top 2 High-Yield Healthcare Stocks to Buy Now,0.3612
0a83071c-72df-3f87-9f77-bb5a3af6350a,2026-09-29T18:43+00:00,Trefis,Is Eli Lilly Stock a Good Fit For Your Portfolio Risk?,0.8225
33414349-412d-314a-869e-bbb457e758c4,2026-09-29T20:20+00:00,Motley Fool,"With the Market Flashing Warning Signs Not Seen Since the Dot-Com Bust, Is Pfizer's 6% Yield a Safe Haven or a Trap?",0.5267
98e08dd4-7f08-3d94-905c-70af001025d7,2026-09-29T20:55+00:00,Investor's Business Daily,"AstraZeneca Digs $2 Billion Out Of Its Coffers For Summit Deal, Taking On Bristol, Pfizer, Merck",0.0
8dc438b7-a5ac-36b3-bdb4-604626ad73b2,2026-09-30T13:42+00:00,24/7 Wall St.,Moderna Sinks 6% on Citi Downgrade; Merck and Pfizer Stay Flat,-0.7964
9a47e044-25c3-3139-a7ec-6cb7ed328a48,2026-09-30T14:43+00:00,Trefis,What Is Merck Stock's Biggest Opportunity?,0.8176
ec1c9776-951f-316a-b363-51de919afe4b,2026-09-30T15:01+00:00,Zacks,Moderna vs. BioNTech: Which mRNA Stock Is the Better Buy Now?,0.7717
06b42b24-f20a-3d6d-b450-03729a76072f,2026-09-30T15:29+00:00,Trefis,Are You Overpaying For Pfizer Stock Versus Its Rivals?,0.5542
770c1dc4-0c44-388f-a538-6d7c95634df7,2026-09-30T19:01+00:00,Trefis,Was The Run In JNJ Stock Hiding In Plain Sight?,-0.2263
