id,source,logged_at,ticker,type,strategy,expiry,strike,premium,contracts,stock_price,decision,verdict,note
A-GOOGL-delta-20260928,auto,2026-09-28T10:09-04:00,GOOGL,call,delta,2026-09-30,350.0,1.18,1,341.93,sell,Favorable to sell covered calls,premium = bid
A-GOOGL-mon_wed-20260928,auto,2026-09-28T10:09-04:00,GOOGL,call,mon_wed,2026-09-30,355.0,0.56,1,341.93,alternative,Favorable to sell covered calls,premium = bid
A-GOOGL-mon_fri-20260928,auto,2026-09-28T10:09-04:00,GOOGL,call,mon_fri,2026-10-02,355.0,1.3,1,341.93,sell,Favorable to sell covered calls,premium = bid
A-GOOGL-csp-20260928,auto,2026-09-28T10:09-04:00,GOOGL,put,csp,2026-09-30,337.5,1.36,1,341.93,sell,Favorable to sell cash-secured puts,premium = bid
A-GOOGL-csp_mon_wed-20260928,auto,2026-09-28T10:09-04:00,GOOGL,put,csp_mon_wed,2026-09-30,335.0,0.9,1,341.93,sell,Favorable to sell cash-secured puts,premium = bid
A-GOOGL-csp_mon_fri-20260928,auto,2026-09-28T10:09-04:00,GOOGL,put,csp_mon_fri,2026-10-02,335.0,1.63,1,341.93,alternative,Favorable to sell cash-secured puts,premium = bid
A-GOOG-delta-20260928,auto,2026-09-28T10:09-04:00,GOOG,call,delta,2026-10-02,350.0,1.43,1,338.65,sell,Favorable to sell covered calls,premium = bid
A-GOOG-mon_fri-20260928,auto,2026-09-28T10:09-04:00,GOOG,call,mon_fri,2026-10-02,355.0,0.78,1,338.65,sell,Favorable to sell covered calls,premium = bid
A-GOOG-csp-20260928,auto,2026-09-28T10:09-04:00,GOOG,put,csp,2026-10-02,332.5,1.85,1,338.65,sell,Favorable to sell cash-secured puts,premium = bid
A-GOOG-csp_mon_fri-20260928,auto,2026-09-28T10:09-04:00,GOOG,put,csp_mon_fri,2026-10-02,332.5,1.85,1,338.65,sell,Favorable to sell cash-secured puts,premium = bid
A-AAPL-delta-20260928,auto,2026-09-28T10:09-04:00,AAPL,call,delta,2026-09-30,350.0,0.57,1,342.61,sell,Favorable to sell covered calls,premium = bid
A-AAPL-mon_wed-20260928,auto,2026-09-28T10:09-04:00,AAPL,call,mon_wed,2026-09-30,350.0,0.57,1,342.61,sell,Favorable to sell covered calls,premium = bid
A-AAPL-mon_fri-20260928,auto,2026-09-28T10:09-04:00,AAPL,call,mon_fri,2026-10-02,357.5,0.19,1,342.61,alternative,Favorable to sell covered calls,premium = bid
A-AAPL-csp-20260928,auto,2026-09-28T10:09-04:00,AAPL,put,csp,2026-09-30,337.5,1.13,1,342.61,sell,Favorable to sell cash-secured puts,premium = bid
A-AAPL-csp_mon_wed-20260928,auto,2026-09-28T10:09-04:00,AAPL,put,csp_mon_wed,2026-09-30,337.5,1.13,1,342.61,sell,Favorable to sell cash-secured puts,premium = bid
A-AAPL-csp_mon_fri-20260928,auto,2026-09-28T10:09-04:00,AAPL,put,csp_mon_fri,2026-10-02,337.5,1.75,1,342.61,alternative,Favorable to sell cash-secured puts,premium = bid
A-MSFT-delta-20260928,auto,2026-09-28T10:09-04:00,MSFT,call,delta,2026-09-30,517.5,0.99,1,506.94,sell,Favorable to sell covered calls,premium = bid
A-MSFT-mon_wed-20260928,auto,2026-09-28T10:09-04:00,MSFT,call,mon_wed,2026-09-30,522.5,0.55,1,506.94,sell,Favorable to sell covered calls,premium = bid
A-MSFT-mon_fri-20260928,auto,2026-09-28T10:09-04:00,MSFT,call,mon_fri,2026-10-02,530.0,0.6,1,506.94,alternative,Favorable to sell covered calls,premium = bid
A-MSFT-csp-20260928,auto,2026-09-28T10:09-04:00,MSFT,put,csp,2026-09-30,497.5,2.25,1,506.94,sell,Favorable to sell cash-secured puts,premium = bid
A-MSFT-csp_mon_wed-20260928,auto,2026-09-28T10:09-04:00,MSFT,put,csp_mon_wed,2026-09-30,497.5,2.25,1,506.94,sell,Favorable to sell cash-secured puts,premium = bid
A-MSFT-csp_mon_fri-20260928,auto,2026-09-28T10:09-04:00,MSFT,put,csp_mon_fri,2026-10-02,497.5,3.7,1,506.94,alternative,Favorable to sell cash-secured puts,premium = bid
A-NVDA-delta-20260928,auto,2026-09-28T10:09-04:00,NVDA,call,delta,2026-09-30,240.0,0.61,1,231.86,sell,Favorable to sell covered calls,premium = bid
A-NVDA-mon_wed-20260928,auto,2026-09-28T10:09-04:00,NVDA,call,mon_wed,2026-09-30,242.5,0.37,1,231.86,sell,Favorable to sell covered calls,premium = bid
A-NVDA-mon_fri-20260928,auto,2026-09-28T10:09-04:00,NVDA,call,mon_fri,2026-10-02,247.5,0.32,1,231.86,alternative,Favorable to sell covered calls,premium = bid
A-NVDA-csp-20260928,auto,2026-09-28T10:09-04:00,NVDA,put,csp,2026-09-30,227.5,1.05,1,231.86,sell,Favorable to sell cash-secured puts,premium = bid
A-NVDA-csp_mon_wed-20260928,auto,2026-09-28T10:09-04:00,NVDA,put,csp_mon_wed,2026-09-30,227.5,1.05,1,231.86,sell,Favorable to sell cash-secured puts,premium = bid
A-NVDA-csp_mon_fri-20260928,auto,2026-09-28T10:09-04:00,NVDA,put,csp_mon_fri,2026-10-02,225.0,1.14,1,231.86,alternative,Favorable to sell cash-secured puts,premium = bid
A-AMZN-delta-20260928,auto,2026-09-28T10:09-04:00,AMZN,call,delta,2026-09-30,250.0,0.91,1,245.53,sell,Favorable to sell covered calls,premium = bid
A-AMZN-mon_wed-20260928,auto,2026-09-28T10:09-04:00,AMZN,call,mon_wed,2026-09-30,255.0,0.26,1,245.53,sell,Favorable to sell covered calls,premium = bid
A-AMZN-mon_fri-20260928,auto,2026-09-28T10:09-04:00,AMZN,call,mon_fri,2026-10-02,257.5,0.46,1,245.53,alternative,Favorable to sell covered calls,premium = bid
A-AMZN-csp-20260928,auto,2026-09-28T10:09-04:00,AMZN,put,csp,2026-09-30,240.0,0.7,1,245.53,sell,Favorable to sell cash-secured puts,premium = bid
A-AMZN-csp_mon_wed-20260928,auto,2026-09-28T10:09-04:00,AMZN,put,csp_mon_wed,2026-09-30,240.0,0.7,1,245.53,alternative,Favorable to sell cash-secured puts,premium = bid
A-AMZN-csp_mon_fri-20260928,auto,2026-09-28T10:09-04:00,AMZN,put,csp_mon_fri,2026-10-02,240.0,1.42,1,245.53,sell,Favorable to sell cash-secured puts,premium = bid
A-META-delta-20260928,auto,2026-09-28T10:09-04:00,META,call,delta,2026-09-30,760.0,2.25,1,721.48,sell,Sell covered calls further out of the money,premium = bid
A-META-mon_wed-20260928,auto,2026-09-28T10:09-04:00,META,call,mon_wed,2026-09-30,760.0,2.25,1,721.48,alternative,Sell covered calls further out of the money,premium = bid
A-META-mon_fri-20260928,auto,2026-09-28T10:09-04:00,META,call,mon_fri,2026-10-02,760.0,4.85,1,721.48,sell,Sell covered calls further out of the money,premium = bid
A-META-csp-20260928,auto,2026-09-28T10:09-04:00,META,put,csp,2026-09-30,702.5,4.6,1,721.48,sell,Favorable to sell cash-secured puts,premium = bid
A-META-csp_mon_wed-20260928,auto,2026-09-28T10:09-04:00,META,put,csp_mon_wed,2026-09-30,710.0,6.2,1,721.48,sell,Favorable to sell cash-secured puts,premium = bid
A-META-csp_mon_fri-20260928,auto,2026-09-28T10:09-04:00,META,put,csp_mon_fri,2026-10-02,702.5,6.8,1,721.48,alternative,Favorable to sell cash-secured puts,premium = bid
A-TSLA-delta-20260928,auto,2026-09-28T10:09-04:00,TSLA,call,delta,2026-09-30,375.0,1.83,1,362.54,sell,Favorable to sell covered calls,premium = bid
A-TSLA-mon_wed-20260928,auto,2026-09-28T10:09-04:00,TSLA,call,mon_wed,2026-09-30,382.5,0.75,1,362.54,alternative,Favorable to sell covered calls,premium = bid
A-TSLA-mon_fri-20260928,auto,2026-09-28T10:09-04:00,TSLA,call,mon_fri,2026-10-02,387.5,1.72,1,362.54,sell,Favorable to sell covered calls,premium = bid
A-TSLA-csp-20260928,auto,2026-09-28T10:09-04:00,TSLA,put,csp,2026-09-30,355.0,1.56,1,362.54,sell,Favorable to sell cash-secured puts,premium = bid
A-TSLA-csp_mon_wed-20260928,auto,2026-09-28T10:09-04:00,TSLA,put,csp_mon_wed,2026-09-30,352.5,1.18,1,362.54,sell,Favorable to sell cash-secured puts,premium = bid
A-TSLA-csp_mon_fri-20260928,auto,2026-09-28T10:09-04:00,TSLA,put,csp_mon_fri,2026-10-02,347.5,1.93,1,362.54,alternative,Favorable to sell cash-secured puts,premium = bid
A-AMD-delta-20260928,auto,2026-09-28T10:09-04:00,AMD,call,delta,2026-09-30,650.0,2.25,1,613.16,sell,Sell covered calls further out of the money,premium = bid
A-AMD-mon_wed-20260928,auto,2026-09-28T10:09-04:00,AMD,call,mon_wed,2026-09-30,650.0,2.25,1,613.16,sell,Sell covered calls further out of the money,premium = bid
A-AMD-mon_fri-20260928,auto,2026-09-28T10:09-04:00,AMD,call,mon_fri,2026-10-02,660.0,3.25,1,613.16,alternative,Sell covered calls further out of the money,premium = bid
A-AMD-csp-20260928,auto,2026-09-28T10:09-04:00,AMD,put,csp,2026-09-30,597.5,3.75,1,613.16,sell,Favorable to sell cash-secured puts,premium = bid
A-AMD-csp_mon_wed-20260928,auto,2026-09-28T10:09-04:00,AMD,put,csp_mon_wed,2026-09-30,597.5,3.75,1,613.16,sell,Favorable to sell cash-secured puts,premium = bid
A-AMD-csp_mon_fri-20260928,auto,2026-09-28T10:09-04:00,AMD,put,csp_mon_fri,2026-10-02,585.0,3.5,1,613.16,alternative,Favorable to sell cash-secured puts,premium = bid
A-AVGO-delta-20260928,auto,2026-09-28T10:09-04:00,AVGO,call,delta,2026-09-30,360.0,1.27,1,351.67,sell,Favorable to sell covered calls,premium = bid
A-AVGO-mon_wed-20260928,auto,2026-09-28T10:09-04:00,AVGO,call,mon_wed,2026-09-30,365.0,0.61,1,351.67,alternative,Favorable to sell covered calls,premium = bid
A-AVGO-mon_fri-20260928,auto,2026-09-28T10:09-04:00,AVGO,call,mon_fri,2026-10-02,367.5,1.28,1,351.67,sell,Favorable to sell covered calls,premium = bid
A-AVGO-csp-20260928,auto,2026-09-28T10:09-04:00,AVGO,put,csp,2026-09-30,345.0,1.55,1,351.67,sell,Favorable to sell cash-secured puts,premium = bid
A-AVGO-csp_mon_wed-20260928,auto,2026-09-28T10:09-04:00,AVGO,put,csp_mon_wed,2026-09-30,342.5,1.12,1,351.67,sell,Favorable to sell cash-secured puts,premium = bid
A-AVGO-csp_mon_fri-20260928,auto,2026-09-28T10:09-04:00,AVGO,put,csp_mon_fri,2026-10-02,342.5,2.1,1,351.67,alternative,Favorable to sell cash-secured puts,premium = bid
A-INTC-delta-20260928,auto,2026-09-28T10:09-04:00,INTC,call,delta,2026-09-30,126.0,0.61,1,118.21,sell,Sell covered calls further out of the money,premium = bid
A-INTC-mon_wed-20260928,auto,2026-09-28T10:09-04:00,INTC,call,mon_wed,2026-09-30,130.0,0.26,1,118.21,alternative,Sell covered calls further out of the money,premium = bid
A-INTC-mon_fri-20260928,auto,2026-09-28T10:09-04:00,INTC,call,mon_fri,2026-10-02,130.0,0.69,1,118.21,sell,Sell covered calls further out of the money,premium = bid
A-INTC-csp-20260928,auto,2026-09-28T10:09-04:00,INTC,put,csp,2026-09-30,114.0,0.99,1,118.21,sell,Favorable to sell cash-secured puts,premium = bid
A-INTC-csp_mon_wed-20260928,auto,2026-09-28T10:09-04:00,INTC,put,csp_mon_wed,2026-09-30,111.0,0.44,1,118.21,alternative,Favorable to sell cash-secured puts,premium = bid
A-INTC-csp_mon_fri-20260928,auto,2026-09-28T10:09-04:00,INTC,put,csp_mon_fri,2026-10-02,111.0,0.97,1,118.21,sell,Favorable to sell cash-secured puts,premium = bid
A-ORCL-delta-20260928,auto,2026-09-28T10:09-04:00,ORCL,call,delta,2026-10-02,142.0,0.83,1,134.1,sell,Favorable to sell covered calls,premium = bid
A-ORCL-mon_fri-20260928,auto,2026-09-28T10:09-04:00,ORCL,call,mon_fri,2026-10-02,141.0,1.0,1,134.1,sell,Favorable to sell covered calls,premium = bid
A-ORCL-csp-20260928,auto,2026-09-28T10:09-04:00,ORCL,put,csp,2026-10-02,127.0,0.81,1,134.1,sell,Sell puts further out of the money,premium = bid
A-ORCL-csp_mon_fri-20260928,auto,2026-09-28T10:09-04:00,ORCL,put,csp_mon_fri,2026-10-02,129.0,1.31,1,134.1,sell,Sell puts further out of the money,premium = bid
A-CRM-delta-20260928,auto,2026-09-28T10:09-04:00,CRM,call,delta,2026-10-02,235.0,0.9,1,224.28,sell,Favorable to sell covered calls,premium = bid
A-CRM-mon_fri-20260928,auto,2026-09-28T10:09-04:00,CRM,call,mon_fri,2026-10-02,237.5,0.67,1,224.28,sell,Favorable to sell covered calls,premium = bid
A-CRM-csp-20260928,auto,2026-09-28T10:09-04:00,CRM,put,csp,2026-10-02,212.5,1.13,1,224.28,sell,Sell puts further out of the money,premium = bid
A-CRM-csp_mon_fri-20260928,auto,2026-09-28T10:09-04:00,CRM,put,csp_mon_fri,2026-10-02,220.0,2.99,1,224.28,sell,Sell puts further out of the money,premium = bid
A-NFLX-delta-20260928,auto,2026-09-28T10:09-04:00,NFLX,call,delta,2026-10-02,73.0,0.24,1,69.91,sell,Favorable to sell covered calls,premium = bid
A-NFLX-mon_fri-20260928,auto,2026-09-28T10:09-04:00,NFLX,call,mon_fri,2026-10-02,74.0,0.14,1,69.91,sell,Favorable to sell covered calls,premium = bid
A-NFLX-csp-20260928,auto,2026-09-28T10:09-04:00,NFLX,put,csp,2026-10-02,68.0,0.26,1,69.91,sell,Sell puts further out of the money,premium = bid
A-NFLX-csp_mon_fri-20260928,auto,2026-09-28T10:09-04:00,NFLX,put,csp_mon_fri,2026-10-02,67.0,0.13,1,69.91,sell,Sell puts further out of the money,premium = bid
A-JPM-delta-20260928,auto,2026-09-28T10:09-04:00,JPM,call,delta,2026-10-02,347.5,1.04,1,338.8,sell,Favorable to sell covered calls,premium = bid
A-JPM-mon_fri-20260928,auto,2026-09-28T10:09-04:00,JPM,call,mon_fri,2026-10-02,350.0,0.61,1,338.8,sell,Favorable to sell covered calls,premium = bid
A-JPM-csp-20260928,auto,2026-09-28T10:09-04:00,JPM,put,csp,2026-10-02,332.5,0.84,1,338.8,sell,Favorable to sell cash-secured puts,premium = bid
A-JPM-csp_mon_fri-20260928,auto,2026-09-28T10:09-04:00,JPM,put,csp_mon_fri,2026-10-02,332.5,0.84,1,338.8,sell,Favorable to sell cash-secured puts,premium = bid
A-BAC-delta-20260928,auto,2026-09-28T10:09-04:00,BAC,call,delta,2026-10-02,58.0,0.17,1,56.5,sell,Favorable to sell covered calls,premium = bid
A-BAC-mon_fri-20260928,auto,2026-09-28T10:09-04:00,BAC,call,mon_fri,2026-10-02,59.0,0.06,1,56.5,sell,Favorable to sell covered calls,premium = bid
A-BAC-csp-20260928,auto,2026-09-28T10:09-04:00,BAC,put,csp,2026-10-02,55.0,0.18,1,56.5,sell,Favorable to sell cash-secured puts,premium = bid
A-BAC-csp_mon_fri-20260928,auto,2026-09-28T10:09-04:00,BAC,put,csp_mon_fri,2026-10-02,55.0,0.18,1,56.5,sell,Favorable to sell cash-secured puts,premium = bid
A-KO-delta-20260928,auto,2026-09-28T10:09-04:00,KO,call,delta,2026-10-02,89.0,0.17,1,87.35,sell,Favorable to sell covered calls,premium = bid
A-KO-mon_fri-20260928,auto,2026-09-28T10:09-04:00,KO,call,mon_fri,2026-10-02,89.0,0.17,1,87.35,sell,Favorable to sell covered calls,premium = bid
A-KO-csp-20260928,auto,2026-09-28T10:09-04:00,KO,put,csp,2026-10-02,86.0,0.31,1,87.35,sell,Favorable to sell cash-secured puts,premium = bid
A-KO-csp_mon_fri-20260928,auto,2026-09-28T10:09-04:00,KO,put,csp_mon_fri,2026-10-02,86.0,0.31,1,87.35,sell,Favorable to sell cash-secured puts,premium = bid
A-PFE-delta-20260928,auto,2026-09-28T10:09-04:00,PFE,call,delta,2026-10-02,31.5,0.2,1,28.44,sell,Favorable to sell covered calls,premium = last trade
A-PFE-mon_fri-20260928,auto,2026-09-28T10:09-04:00,PFE,call,mon_fri,2026-10-02,29.5,0.04,1,28.44,sell,Favorable to sell covered calls,premium = bid
A-PFE-csp-20260928,auto,2026-09-28T10:09-04:00,PFE,put,csp,2026-10-02,28.0,0.12,1,28.44,sell,Favorable to sell cash-secured puts,premium = bid
A-PFE-csp_mon_fri-20260928,auto,2026-09-28T10:09-04:00,PFE,put,csp_mon_fri,2026-10-02,28.0,0.12,1,28.44,sell,Favorable to sell cash-secured puts,premium = bid
A-DIS-delta-20260928,auto,2026-09-28T10:09-04:00,DIS,call,delta,2026-10-02,109.0,0.15,1,106.25,sell,Favorable to sell covered calls,premium = bid
A-DIS-mon_fri-20260928,auto,2026-09-28T10:09-04:00,DIS,call,mon_fri,2026-10-02,110.0,0.03,1,106.25,sell,Favorable to sell covered calls,premium = bid
A-DIS-csp-20260928,auto,2026-09-28T10:09-04:00,DIS,put,csp,2026-10-02,104.0,0.6,1,106.25,sell,Favorable to sell cash-secured puts,premium = bid
A-DIS-csp_mon_fri-20260928,auto,2026-09-28T10:09-04:00,DIS,put,csp_mon_fri,2026-10-02,104.0,0.6,1,106.25,sell,Favorable to sell cash-secured puts,premium = bid
A-SPY-delta-20260928,auto,2026-09-28T10:09-04:00,SPY,call,delta,2026-09-29,773.0,0.55,1,767.81,sell,Favorable to sell covered calls,premium = bid
A-SPY-mon_wed-20260928,auto,2026-09-28T10:09-04:00,SPY,call,mon_wed,2026-09-30,780.0,0.22,1,767.81,alternative,Favorable to sell covered calls,premium = bid
A-SPY-mon_fri-20260928,auto,2026-09-28T10:09-04:00,SPY,call,mon_fri,2026-10-02,781.0,0.62,1,767.81,sell,Favorable to sell covered calls,premium = bid
A-SPY-csp-20260928,auto,2026-09-28T10:09-04:00,SPY,put,csp,2026-09-29,763.0,0.95,1,767.81,sell,Favorable to sell cash-secured puts,premium = bid
A-SPY-csp_mon_wed-20260928,auto,2026-09-28T10:09-04:00,SPY,put,csp_mon_wed,2026-09-30,765.0,2.3,1,767.81,sell,Favorable to sell cash-secured puts,premium = bid
A-SPY-csp_mon_fri-20260928,auto,2026-09-28T10:09-04:00,SPY,put,csp_mon_fri,2026-10-02,762.0,2.46,1,767.81,alternative,Favorable to sell cash-secured puts,premium = bid
A-QQQ-delta-20260928,auto,2026-09-28T10:09-04:00,QQQ,call,delta,2026-09-29,746.0,0.84,1,738.46,sell,Favorable to sell covered calls,premium = bid
A-QQQ-mon_wed-20260928,auto,2026-09-28T10:09-04:00,QQQ,call,mon_wed,2026-09-30,753.0,0.53,1,738.46,sell,Favorable to sell covered calls,premium = bid
A-QQQ-mon_fri-20260928,auto,2026-09-28T10:09-04:00,QQQ,call,mon_fri,2026-10-02,758.0,0.86,1,738.46,alternative,Favorable to sell covered calls,premium = bid
A-QQQ-csp-20260928,auto,2026-09-28T10:09-04:00,QQQ,put,csp,2026-09-29,733.0,1.28,1,738.46,sell,Favorable to sell cash-secured puts,premium = bid
A-QQQ-csp_mon_wed-20260928,auto,2026-09-28T10:09-04:00,QQQ,put,csp_mon_wed,2026-09-30,735.0,2.97,1,738.46,sell,Favorable to sell cash-secured puts,premium = bid
A-QQQ-csp_mon_fri-20260928,auto,2026-09-28T10:09-04:00,QQQ,put,csp_mon_fri,2026-10-02,731.0,3.41,1,738.46,alternative,Favorable to sell cash-secured puts,premium = bid
A-IWM-delta-20260928,auto,2026-09-28T10:09-04:00,IWM,call,delta,2026-09-29,283.0,0.34,1,279.82,sell,Favorable to sell covered calls,premium = bid
A-IWM-mon_wed-20260928,auto,2026-09-28T10:09-04:00,IWM,call,mon_wed,2026-09-30,285.0,0.26,1,279.82,alternative,Favorable to sell covered calls,premium = bid
A-IWM-mon_fri-20260928,auto,2026-09-28T10:09-04:00,IWM,call,mon_fri,2026-10-02,286.0,0.55,1,279.82,sell,Favorable to sell covered calls,premium = bid
A-IWM-csp-20260928,auto,2026-09-28T10:09-04:00,IWM,put,csp,2026-09-29,278.0,0.6,1,279.82,sell,Favorable to sell cash-secured puts,premium = bid
A-IWM-csp_mon_wed-20260928,auto,2026-09-28T10:09-04:00,IWM,put,csp_mon_wed,2026-09-30,276.0,0.54,1,279.82,alternative,Favorable to sell cash-secured puts,premium = bid
A-IWM-csp_mon_fri-20260928,auto,2026-09-28T10:09-04:00,IWM,put,csp_mon_fri,2026-10-02,276.0,1.15,1,279.82,sell,Favorable to sell cash-secured puts,premium = bid
